id	randWin	rand3★	randMed	greedyWin	greedyScore	star2	star3	props	paws
1-1	13%		45000	Y	130100	142000	185000	17	2
1-2	13%		98600	Y	1172820	1040000	1120000	14	3
1-3	8%		19200	Y	693400	700000	950000	24	3
1-4	4%		54200	n	254900	195000	245000	17	2
1-5	4%		112200	n	807960	1700000	1900000	52	3
2-1	4%		107300	n	251000	360000	440000	13	2
2-2	4%		18760	n	147160	110000	150000	18	3
2-3	8%		85600	Y	429000	290000	370000	21	3
2-4	0%		15100	n	79700	140000	155000	18	3
2-5	0%		76500	n	347200	420000	580000	29	3
3-1	4%		72900	Y	266720	90000	140000	16	3
3-2	0%		4760	Y	1673300	1530000	1570000	15	2
3-3	0%		68160	n	384200	260000	400000	17	3
3-4	0%		90800	n	780600	700000	770000	21	3
3-5	0%		64500	Y	2156400	2000000	2080000	46	3
4-1	0%		1780	n	1484000	1190000	1320000	17	3
4-2	4%		200	n	181700	400000	525000	20	2
4-3	4%		600	Y	303100	190000	260000	17	2
4-4	0%		4000	n	426000	330000	420000	15	2
4-5	0%		80000	Y	649860	620000	760000	35	3
5-1	4%		17650	Y	599800	500000	585000	37	3
5-2	0%		182300	n	220400	870000	930000	36	3
5-3	0%		8300	n	303200	620000	670000	34	3
5-4	4%		1800	Y	644700	600000	800000	39	3
5-5	0%		192750	n	857250	1400000	1700000	63	4
6-1	0%		32400	Y	1621500	1700000	1800000	21	2
6-2	21%		3000	n	407500	350000	600000	52	2
6-3	0%		7460	n	2383700	2500000	2700000	20	3
6-4	0%		3000	n	414600	150000	400000	33	2
6-5	0%		252300	n	1680000	3300000	3650000	70	3
